1,the
2,of
3,and
4,to
5,a
6,in
7,that
8,is
9,was
10,he
11,for
12,it
13,with
14,as
15,his
16,on
17,be
18,at
19,by
20,I
21,this
22,had
23,not
24,are
25,but
26,from
27,or
28,have
29,an
30,they
31,which
32,one
33,you
34,were
35,her
36,all
37,she
38,there
39,would
40,their
41,we
42,him
43,been
44,has
45,when
46,who
47,will
48,more
49,no
50,if
51,out
52,so
53,said
54,what
55,up
56,its
57,about
58,into
59,than
60,them
61,can
62,only
63,other
64,new
65,some
66,could
67,time
68,these
69,two
70,may
71,then
72,do
73,first
74,any
75,my
76,now
77,such
78,like
79,our
80,over
81,man
82,me
83,even
84,most
85,made
86,after
87,also
88,did
89,many
90,before
91,must
92,through
93,back
94,years
95,where
96,much
97,your
98,way
99,well
100,down
101,should
102,because
103,each
104,just
105,those
106,people
107,Mr.
108,how
109,too
110,little
111,state
112,good
113,very
114,make
115,world
116,still
117,own
118,see
119,men
120,work
121,long
122,get
123,here
124,between
125,both
126,life
127,being
128,under
129,never
130,day
131,same
132,another
133,know
134,while
135,last
136,might
137,us
138,great
139,old
140,year
141,off
142,come
143,since
144,against
145,go
146,came
147,right
148,used
149,take
150,three
151,states
152,himself
153,few
154,house
155,use
156,during
157,without
158,again
159,place
160,American
161,around
162,however
163,home
164,small
165,found
166,Mrs.
167,throught
168,went
169,say
170,part
171,once
172,general
173,high
174,upon
175,school
176,every
177,don't
178,does
179,got
180,united
181,left
182,number
183,course
184,war
185,until
186,always
187,away
188,something
189,fact
190,though
191,water
192,less
193,public
194,put
195,think
196,almost
197,hand
198,enough
199,far
200,took
201,head
202,yet
203,government
204,system
205,better
206,set
207,told
208,nothing
209,night
210,end
211,why
212,called
213,didn't
214,eyes
215,find
216,going
217,look
218,asked
219,later
220,knew
221,point
222,next
223,program
224,city
225,business
226,give
227,group
228,toward
229,young
230,days
231,let
232,room
233,president
234,side
235,social
236,given
237,present
238,several
239,order
240,national
241,possible
242,rather
243,second
244,face
245,per
246,among
247,form
248,important
249,often
250,things
251,looked
252,early
253,white
254,case
255,John
256,become
257,large
258,big
259,need
260,four
261,within
262,felt
263,along
264,children
265,saw
266,best
267,church
268,ever
269,least
270,power
271,development
272,light
273,thing
274,seemed
275,family
276,interest
277,want
278,members
279,mind
280,country
281,area
282,others
283,done
284,turned
285,although
286,open
287,God
288,service
289,certain
290,kind
291,problem
292,began
293,different
294,door
295,thus
296,help
297,sense
298,means
299,whole
300,matter
